relative_path,sha256,bytes
cg/__init__.py,E3B0C44298FC1C149AFBF4C8996FB92427AE41E4649B934CA495991B7852B855,0
cg/api.py,C31AA24E63BF0E71779D97F6286D10A2BF23CB4A3B9449C977F63577704FBE6C,27358
cg/cg.dll,0C6153F9206366F2588E5C601AB086EA997A66E80E4FEB6D95635B2987C9929B,2238464
cg/cg.pdb,79072C72B247E175A52B7F8C9DC8BBEA545CA896A24E131F9BF5A4A7C87C5E6C,11149312
cg/Export.lib,2758FBAAA51557D72E1EBBEF71AFBA1F6FCE9BB73162154301A322A4515C0223,246290
cg/game.py,B88E6E0223FF8FCB789F6B2B094B9556B2725A624AC69AE5C367CE822F1E3BC2,2481
cg/libcg-arm64.so,030B4728CE9FB9E90B75830B7CF7236F71859732A05EC4A377078EEE0421BBE5,1300584
cg/libcg.dylib,77BB978A8129B094452679E0DAF0DA69593AFDA7331685F4642C0D4A94D39D82,1245544
cg/libcg.so,FFD89BF923525A3E6FEB5E6201E96A866C0F456895499ED5C4A566303CAAE67C,1342400
cg/sim.py,3096ED0CBB13CAEB1FA6DFBC78515642F833DC5D3F6847F757937CFDCB5410D4,2533
cg/utils.py,60F29665CEE0A88525D6F0383BC45959A6262D16FE35EF380AECE1E0EA13C49B,1970
