candidate_archetype,exact_deck_hash,scenario,assumed_uncertain_result,major_meta_weight_total,adequately_observed_weight,low_sample_weight,unobserved_weight,uncertain_weight,adequate_observed_contribution,observed_all_weight,observed_all_contribution,scenario_result,scenario_is_assumption,adequate_major_matchups,low_sample_major_matchups,unobserved_major_matchups,meta_weight_basis,interpretation
alakazam_psychic,4414e8995e50c7a00d4b6aa7d9229f63c1dff5261643ec7cd86c4e329113ed69,UNOBSERVED_ONLY_AS_0,0.00000000,1.00000000,0.57142857,0.20408163,0.22448980,0.42857143,0.36981722,0.77551020,0.47185804,0.47185804,True,marnie_grimmsnarl|cynthia_garchomp,alakazam_psychic,rocket_mewtwo_spidops|kangaskhan_crustle,UNIQUE_TEAM_DAY_SHARE_WITHIN_MAJOR_MATCHUPS,ASSUMPTION_NOT_POINT_ESTIMATE
alakazam_psychic,4414e8995e50c7a00d4b6aa7d9229f63c1dff5261643ec7cd86c4e329113ed69,UNOBSERVED_ONLY_AS_0_25,0.25000000,1.00000000,0.57142857,0.20408163,0.22448980,0.42857143,0.36981722,0.77551020,0.47185804,0.52798049,True,marnie_grimmsnarl|cynthia_garchomp,alakazam_psychic,rocket_mewtwo_spidops|kangaskhan_crustle,UNIQUE_TEAM_DAY_SHARE_WITHIN_MAJOR_MATCHUPS,ASSUMPTION_NOT_POINT_ESTIMATE
alakazam_psychic,4414e8995e50c7a00d4b6aa7d9229f63c1dff5261643ec7cd86c4e329113ed69,UNOBSERVED_ONLY_AS_0_50,0.50000000,1.00000000,0.57142857,0.20408163,0.22448980,0.42857143,0.36981722,0.77551020,0.47185804,0.58410293,True,marnie_grimmsnarl|cynthia_garchomp,alakazam_psychic,rocket_mewtwo_spidops|kangaskhan_crustle,UNIQUE_TEAM_DAY_SHARE_WITHIN_MAJOR_MATCHUPS,ASSUMPTION_NOT_POINT_ESTIMATE
alakazam_psychic,4414e8995e50c7a00d4b6aa7d9229f63c1dff5261643ec7cd86c4e329113ed69,UNCERTAIN_AS_0,0.00000000,1.00000000,0.57142857,0.20408163,0.22448980,0.42857143,0.36981722,0.77551020,0.47185804,0.36981722,True,marnie_grimmsnarl|cynthia_garchomp,alakazam_psychic,rocket_mewtwo_spidops|kangaskhan_crustle,UNIQUE_TEAM_DAY_SHARE_WITHIN_MAJOR_MATCHUPS,ASSUMPTION_NOT_POINT_ESTIMATE
alakazam_psychic,4414e8995e50c7a00d4b6aa7d9229f63c1dff5261643ec7cd86c4e329113ed69,UNCERTAIN_AS_0_25,0.25000000,1.00000000,0.57142857,0.20408163,0.22448980,0.42857143,0.36981722,0.77551020,0.47185804,0.47696008,True,marnie_grimmsnarl|cynthia_garchomp,alakazam_psychic,rocket_mewtwo_spidops|kangaskhan_crustle,UNIQUE_TEAM_DAY_SHARE_WITHIN_MAJOR_MATCHUPS,ASSUMPTION_NOT_POINT_ESTIMATE
alakazam_psychic,4414e8995e50c7a00d4b6aa7d9229f63c1dff5261643ec7cd86c4e329113ed69,UNCERTAIN_AS_0_50,0.50000000,1.00000000,0.57142857,0.20408163,0.22448980,0.42857143,0.36981722,0.77551020,0.47185804,0.58410293,True,marnie_grimmsnarl|cynthia_garchomp,alakazam_psychic,rocket_mewtwo_spidops|kangaskhan_crustle,UNIQUE_TEAM_DAY_SHARE_WITHIN_MAJOR_MATCHUPS,ASSUMPTION_NOT_POINT_ESTIMATE
alakazam_psychic,4414e8995e50c7a00d4b6aa7d9229f63c1dff5261643ec7cd86c4e329113ed69,UNCERTAIN_AS_1,1.00000000,1.00000000,0.57142857,0.20408163,0.22448980,0.42857143,0.36981722,0.77551020,0.47185804,0.79838865,True,marnie_grimmsnarl|cynthia_garchomp,alakazam_psychic,rocket_mewtwo_spidops|kangaskhan_crustle,UNIQUE_TEAM_DAY_SHARE_WITHIN_MAJOR_MATCHUPS,ASSUMPTION_NOT_POINT_ESTIMATE
alakazam_psychic,4414e8995e50c7a00d4b6aa7d9229f63c1dff5261643ec7cd86c4e329113ed69,OBSERVED_WORST_FILL,0.59691358,1.00000000,0.57142857,0.20408163,0.22448980,0.42857143,0.36981722,0.77551020,0.47185804,0.62563733,True,marnie_grimmsnarl|cynthia_garchomp,alakazam_psychic,rocket_mewtwo_spidops|kangaskhan_crustle,UNIQUE_TEAM_DAY_SHARE_WITHIN_MAJOR_MATCHUPS,ASSUMPTION_NOT_POINT_ESTIMATE
alakazam_psychic,4414e8995e50c7a00d4b6aa7d9229f63c1dff5261643ec7cd86c4e329113ed69,OBSERVED_ONLY_RENORMALIZED_LEGACY,,1.00000000,0.57142857,0.20408163,0.22448980,0.42857143,0.36981722,0.77551020,0.47185804,0.60844852,False,marnie_grimmsnarl|cynthia_garchomp,alakazam_psychic,rocket_mewtwo_spidops|kangaskhan_crustle,UNIQUE_TEAM_DAY_SHARE_WITHIN_MAJOR_MATCHUPS,OBSERVED_CELLS_ONLY_RENORMALIZED_NOT_FULL_META_ESTIMATE
kangaskhan_crustle,47e017159a02045d19c8bf9e95b2d1084bfd9d8640292885b2f506fdd1cd3e05,UNOBSERVED_ONLY_AS_0,0.00000000,1.00000000,0.00000000,0.22448980,0.77551020,1.00000000,0.00000000,0.22448980,0.00000000,0.00000000,True,,rocket_mewtwo_spidops|kangaskhan_crustle,marnie_grimmsnarl|alakazam_psychic|cynthia_garchomp,UNIQUE_TEAM_DAY_SHARE_WITHIN_MAJOR_MATCHUPS,ASSUMPTION_NOT_POINT_ESTIMATE
kangaskhan_crustle,47e017159a02045d19c8bf9e95b2d1084bfd9d8640292885b2f506fdd1cd3e05,UNOBSERVED_ONLY_AS_0_25,0.25000000,1.00000000,0.00000000,0.22448980,0.77551020,1.00000000,0.00000000,0.22448980,0.00000000,0.19387755,True,,rocket_mewtwo_spidops|kangaskhan_crustle,marnie_grimmsnarl|alakazam_psychic|cynthia_garchomp,UNIQUE_TEAM_DAY_SHARE_WITHIN_MAJOR_MATCHUPS,ASSUMPTION_NOT_POINT_ESTIMATE
kangaskhan_crustle,47e017159a02045d19c8bf9e95b2d1084bfd9d8640292885b2f506fdd1cd3e05,UNOBSERVED_ONLY_AS_0_50,0.50000000,1.00000000,0.00000000,0.22448980,0.77551020,1.00000000,0.00000000,0.22448980,0.00000000,0.38775510,True,,rocket_mewtwo_spidops|kangaskhan_crustle,marnie_grimmsnarl|alakazam_psychic|cynthia_garchomp,UNIQUE_TEAM_DAY_SHARE_WITHIN_MAJOR_MATCHUPS,ASSUMPTION_NOT_POINT_ESTIMATE
kangaskhan_crustle,47e017159a02045d19c8bf9e95b2d1084bfd9d8640292885b2f506fdd1cd3e05,UNCERTAIN_AS_0,0.00000000,1.00000000,0.00000000,0.22448980,0.77551020,1.00000000,0.00000000,0.22448980,0.00000000,0.00000000,True,,rocket_mewtwo_spidops|kangaskhan_crustle,marnie_grimmsnarl|alakazam_psychic|cynthia_garchomp,UNIQUE_TEAM_DAY_SHARE_WITHIN_MAJOR_MATCHUPS,ASSUMPTION_NOT_POINT_ESTIMATE
kangaskhan_crustle,47e017159a02045d19c8bf9e95b2d1084bfd9d8640292885b2f506fdd1cd3e05,UNCERTAIN_AS_0_25,0.25000000,1.00000000,0.00000000,0.22448980,0.77551020,1.00000000,0.00000000,0.22448980,0.00000000,0.25000000,True,,rocket_mewtwo_spidops|kangaskhan_crustle,marnie_grimmsnarl|alakazam_psychic|cynthia_garchomp,UNIQUE_TEAM_DAY_SHARE_WITHIN_MAJOR_MATCHUPS,ASSUMPTION_NOT_POINT_ESTIMATE
kangaskhan_crustle,47e017159a02045d19c8bf9e95b2d1084bfd9d8640292885b2f506fdd1cd3e05,UNCERTAIN_AS_0_50,0.50000000,1.00000000,0.00000000,0.22448980,0.77551020,1.00000000,0.00000000,0.22448980,0.00000000,0.50000000,True,,rocket_mewtwo_spidops|kangaskhan_crustle,marnie_grimmsnarl|alakazam_psychic|cynthia_garchomp,UNIQUE_TEAM_DAY_SHARE_WITHIN_MAJOR_MATCHUPS,ASSUMPTION_NOT_POINT_ESTIMATE
kangaskhan_crustle,47e017159a02045d19c8bf9e95b2d1084bfd9d8640292885b2f506fdd1cd3e05,UNCERTAIN_AS_1,1.00000000,1.00000000,0.00000000,0.22448980,0.77551020,1.00000000,0.00000000,0.22448980,0.00000000,1.00000000,True,,rocket_mewtwo_spidops|kangaskhan_crustle,marnie_grimmsnarl|alakazam_psychic|cynthia_garchomp,UNIQUE_TEAM_DAY_SHARE_WITHIN_MAJOR_MATCHUPS,ASSUMPTION_NOT_POINT_ESTIMATE
kangaskhan_crustle,47e017159a02045d19c8bf9e95b2d1084bfd9d8640292885b2f506fdd1cd3e05,OBSERVED_WORST_FILL,,1.00000000,0.00000000,0.22448980,0.77551020,1.00000000,0.00000000,0.22448980,0.00000000,,True,,rocket_mewtwo_spidops|kangaskhan_crustle,marnie_grimmsnarl|alakazam_psychic|cynthia_garchomp,UNIQUE_TEAM_DAY_SHARE_WITHIN_MAJOR_MATCHUPS,ASSUMPTION_NOT_POINT_ESTIMATE
kangaskhan_crustle,47e017159a02045d19c8bf9e95b2d1084bfd9d8640292885b2f506fdd1cd3e05,OBSERVED_ONLY_RENORMALIZED_LEGACY,,1.00000000,0.00000000,0.22448980,0.77551020,1.00000000,0.00000000,0.22448980,0.00000000,0.00000000,False,,rocket_mewtwo_spidops|kangaskhan_crustle,marnie_grimmsnarl|alakazam_psychic|cynthia_garchomp,UNIQUE_TEAM_DAY_SHARE_WITHIN_MAJOR_MATCHUPS,OBSERVED_CELLS_ONLY_RENORMALIZED_NOT_FULL_META_ESTIMATE
kangaskhan_crustle,76b7f090c528b45acb91b4a60d6787d8004321f87a812aa92013a3224b0b5719,UNOBSERVED_ONLY_AS_0,0.00000000,1.00000000,0.00000000,0.08163265,0.91836735,1.00000000,0.00000000,0.08163265,0.08163265,0.08163265,True,,kangaskhan_crustle,marnie_grimmsnarl|alakazam_psychic|cynthia_garchomp|rocket_mewtwo_spidops,UNIQUE_TEAM_DAY_SHARE_WITHIN_MAJOR_MATCHUPS,ASSUMPTION_NOT_POINT_ESTIMATE
kangaskhan_crustle,76b7f090c528b45acb91b4a60d6787d8004321f87a812aa92013a3224b0b5719,UNOBSERVED_ONLY_AS_0_25,0.25000000,1.00000000,0.00000000,0.08163265,0.91836735,1.00000000,0.00000000,0.08163265,0.08163265,0.31122449,True,,kangaskhan_crustle,marnie_grimmsnarl|alakazam_psychic|cynthia_garchomp|rocket_mewtwo_spidops,UNIQUE_TEAM_DAY_SHARE_WITHIN_MAJOR_MATCHUPS,ASSUMPTION_NOT_POINT_ESTIMATE
kangaskhan_crustle,76b7f090c528b45acb91b4a60d6787d8004321f87a812aa92013a3224b0b5719,UNOBSERVED_ONLY_AS_0_50,0.50000000,1.00000000,0.00000000,0.08163265,0.91836735,1.00000000,0.00000000,0.08163265,0.08163265,0.54081633,True,,kangaskhan_crustle,marnie_grimmsnarl|alakazam_psychic|cynthia_garchomp|rocket_mewtwo_spidops,UNIQUE_TEAM_DAY_SHARE_WITHIN_MAJOR_MATCHUPS,ASSUMPTION_NOT_POINT_ESTIMATE
kangaskhan_crustle,76b7f090c528b45acb91b4a60d6787d8004321f87a812aa92013a3224b0b5719,UNCERTAIN_AS_0,0.00000000,1.00000000,0.00000000,0.08163265,0.91836735,1.00000000,0.00000000,0.08163265,0.08163265,0.00000000,True,,kangaskhan_crustle,marnie_grimmsnarl|alakazam_psychic|cynthia_garchomp|rocket_mewtwo_spidops,UNIQUE_TEAM_DAY_SHARE_WITHIN_MAJOR_MATCHUPS,ASSUMPTION_NOT_POINT_ESTIMATE
kangaskhan_crustle,76b7f090c528b45acb91b4a60d6787d8004321f87a812aa92013a3224b0b5719,UNCERTAIN_AS_0_25,0.25000000,1.00000000,0.00000000,0.08163265,0.91836735,1.00000000,0.00000000,0.08163265,0.08163265,0.25000000,True,,kangaskhan_crustle,marnie_grimmsnarl|alakazam_psychic|cynthia_garchomp|rocket_mewtwo_spidops,UNIQUE_TEAM_DAY_SHARE_WITHIN_MAJOR_MATCHUPS,ASSUMPTION_NOT_POINT_ESTIMATE
kangaskhan_crustle,76b7f090c528b45acb91b4a60d6787d8004321f87a812aa92013a3224b0b5719,UNCERTAIN_AS_0_50,0.50000000,1.00000000,0.00000000,0.08163265,0.91836735,1.00000000,0.00000000,0.08163265,0.08163265,0.50000000,True,,kangaskhan_crustle,marnie_grimmsnarl|alakazam_psychic|cynthia_garchomp|rocket_mewtwo_spidops,UNIQUE_TEAM_DAY_SHARE_WITHIN_MAJOR_MATCHUPS,ASSUMPTION_NOT_POINT_ESTIMATE
kangaskhan_crustle,76b7f090c528b45acb91b4a60d6787d8004321f87a812aa92013a3224b0b5719,UNCERTAIN_AS_1,1.00000000,1.00000000,0.00000000,0.08163265,0.91836735,1.00000000,0.00000000,0.08163265,0.08163265,1.00000000,True,,kangaskhan_crustle,marnie_grimmsnarl|alakazam_psychic|cynthia_garchomp|rocket_mewtwo_spidops,UNIQUE_TEAM_DAY_SHARE_WITHIN_MAJOR_MATCHUPS,ASSUMPTION_NOT_POINT_ESTIMATE
kangaskhan_crustle,76b7f090c528b45acb91b4a60d6787d8004321f87a812aa92013a3224b0b5719,OBSERVED_WORST_FILL,,1.00000000,0.00000000,0.08163265,0.91836735,1.00000000,0.00000000,0.08163265,0.08163265,,True,,kangaskhan_crustle,marnie_grimmsnarl|alakazam_psychic|cynthia_garchomp|rocket_mewtwo_spidops,UNIQUE_TEAM_DAY_SHARE_WITHIN_MAJOR_MATCHUPS,ASSUMPTION_NOT_POINT_ESTIMATE
kangaskhan_crustle,76b7f090c528b45acb91b4a60d6787d8004321f87a812aa92013a3224b0b5719,OBSERVED_ONLY_RENORMALIZED_LEGACY,,1.00000000,0.00000000,0.08163265,0.91836735,1.00000000,0.00000000,0.08163265,0.08163265,1.00000000,False,,kangaskhan_crustle,marnie_grimmsnarl|alakazam_psychic|cynthia_garchomp|rocket_mewtwo_spidops,UNIQUE_TEAM_DAY_SHARE_WITHIN_MAJOR_MATCHUPS,OBSERVED_CELLS_ONLY_RENORMALIZED_NOT_FULL_META_ESTIMATE
kangaskhan_crustle,97934924dd727dbc7acadc1f029b4ebffab8b06a2a47ab48a9193a1805c4c574,UNOBSERVED_ONLY_AS_0,0.00000000,1.00000000,0.00000000,0.14285714,0.85714286,1.00000000,0.00000000,0.14285714,0.00000000,0.00000000,True,,cynthia_garchomp,marnie_grimmsnarl|alakazam_psychic|rocket_mewtwo_spidops|kangaskhan_crustle,UNIQUE_TEAM_DAY_SHARE_WITHIN_MAJOR_MATCHUPS,ASSUMPTION_NOT_POINT_ESTIMATE
kangaskhan_crustle,97934924dd727dbc7acadc1f029b4ebffab8b06a2a47ab48a9193a1805c4c574,UNOBSERVED_ONLY_AS_0_25,0.25000000,1.00000000,0.00000000,0.14285714,0.85714286,1.00000000,0.00000000,0.14285714,0.00000000,0.21428571,True,,cynthia_garchomp,marnie_grimmsnarl|alakazam_psychic|rocket_mewtwo_spidops|kangaskhan_crustle,UNIQUE_TEAM_DAY_SHARE_WITHIN_MAJOR_MATCHUPS,ASSUMPTION_NOT_POINT_ESTIMATE
kangaskhan_crustle,97934924dd727dbc7acadc1f029b4ebffab8b06a2a47ab48a9193a1805c4c574,UNOBSERVED_ONLY_AS_0_50,0.50000000,1.00000000,0.00000000,0.14285714,0.85714286,1.00000000,0.00000000,0.14285714,0.00000000,0.42857143,True,,cynthia_garchomp,marnie_grimmsnarl|alakazam_psychic|rocket_mewtwo_spidops|kangaskhan_crustle,UNIQUE_TEAM_DAY_SHARE_WITHIN_MAJOR_MATCHUPS,ASSUMPTION_NOT_POINT_ESTIMATE
kangaskhan_crustle,97934924dd727dbc7acadc1f029b4ebffab8b06a2a47ab48a9193a1805c4c574,UNCERTAIN_AS_0,0.00000000,1.00000000,0.00000000,0.14285714,0.85714286,1.00000000,0.00000000,0.14285714,0.00000000,0.00000000,True,,cynthia_garchomp,marnie_grimmsnarl|alakazam_psychic|rocket_mewtwo_spidops|kangaskhan_crustle,UNIQUE_TEAM_DAY_SHARE_WITHIN_MAJOR_MATCHUPS,ASSUMPTION_NOT_POINT_ESTIMATE
kangaskhan_crustle,97934924dd727dbc7acadc1f029b4ebffab8b06a2a47ab48a9193a1805c4c574,UNCERTAIN_AS_0_25,0.25000000,1.00000000,0.00000000,0.14285714,0.85714286,1.00000000,0.00000000,0.14285714,0.00000000,0.25000000,True,,cynthia_garchomp,marnie_grimmsnarl|alakazam_psychic|rocket_mewtwo_spidops|kangaskhan_crustle,UNIQUE_TEAM_DAY_SHARE_WITHIN_MAJOR_MATCHUPS,ASSUMPTION_NOT_POINT_ESTIMATE
kangaskhan_crustle,97934924dd727dbc7acadc1f029b4ebffab8b06a2a47ab48a9193a1805c4c574,UNCERTAIN_AS_0_50,0.50000000,1.00000000,0.00000000,0.14285714,0.85714286,1.00000000,0.00000000,0.14285714,0.00000000,0.50000000,True,,cynthia_garchomp,marnie_grimmsnarl|alakazam_psychic|rocket_mewtwo_spidops|kangaskhan_crustle,UNIQUE_TEAM_DAY_SHARE_WITHIN_MAJOR_MATCHUPS,ASSUMPTION_NOT_POINT_ESTIMATE
kangaskhan_crustle,97934924dd727dbc7acadc1f029b4ebffab8b06a2a47ab48a9193a1805c4c574,UNCERTAIN_AS_1,1.00000000,1.00000000,0.00000000,0.14285714,0.85714286,1.00000000,0.00000000,0.14285714,0.00000000,1.00000000,True,,cynthia_garchomp,marnie_grimmsnarl|alakazam_psychic|rocket_mewtwo_spidops|kangaskhan_crustle,UNIQUE_TEAM_DAY_SHARE_WITHIN_MAJOR_MATCHUPS,ASSUMPTION_NOT_POINT_ESTIMATE
kangaskhan_crustle,97934924dd727dbc7acadc1f029b4ebffab8b06a2a47ab48a9193a1805c4c574,OBSERVED_WORST_FILL,,1.00000000,0.00000000,0.14285714,0.85714286,1.00000000,0.00000000,0.14285714,0.00000000,,True,,cynthia_garchomp,marnie_grimmsnarl|alakazam_psychic|rocket_mewtwo_spidops|kangaskhan_crustle,UNIQUE_TEAM_DAY_SHARE_WITHIN_MAJOR_MATCHUPS,ASSUMPTION_NOT_POINT_ESTIMATE
kangaskhan_crustle,97934924dd727dbc7acadc1f029b4ebffab8b06a2a47ab48a9193a1805c4c574,OBSERVED_ONLY_RENORMALIZED_LEGACY,,1.00000000,0.00000000,0.14285714,0.85714286,1.00000000,0.00000000,0.14285714,0.00000000,0.00000000,False,,cynthia_garchomp,marnie_grimmsnarl|alakazam_psychic|rocket_mewtwo_spidops|kangaskhan_crustle,UNIQUE_TEAM_DAY_SHARE_WITHIN_MAJOR_MATCHUPS,OBSERVED_CELLS_ONLY_RENORMALIZED_NOT_FULL_META_ESTIMATE
kangaskhan_crustle,d9d823b6d4021728bd8676d61ff3f5018097a65cde99c3e3daa99f83db8432ef,UNOBSERVED_ONLY_AS_0,0.00000000,1.00000000,0.00000000,0.42857143,0.57142857,1.00000000,0.00000000,0.42857143,0.32142857,0.32142857,True,,marnie_grimmsnarl,alakazam_psychic|cynthia_garchomp|rocket_mewtwo_spidops|kangaskhan_crustle,UNIQUE_TEAM_DAY_SHARE_WITHIN_MAJOR_MATCHUPS,ASSUMPTION_NOT_POINT_ESTIMATE
kangaskhan_crustle,d9d823b6d4021728bd8676d61ff3f5018097a65cde99c3e3daa99f83db8432ef,UNOBSERVED_ONLY_AS_0_25,0.25000000,1.00000000,0.00000000,0.42857143,0.57142857,1.00000000,0.00000000,0.42857143,0.32142857,0.46428571,True,,marnie_grimmsnarl,alakazam_psychic|cynthia_garchomp|rocket_mewtwo_spidops|kangaskhan_crustle,UNIQUE_TEAM_DAY_SHARE_WITHIN_MAJOR_MATCHUPS,ASSUMPTION_NOT_POINT_ESTIMATE
kangaskhan_crustle,d9d823b6d4021728bd8676d61ff3f5018097a65cde99c3e3daa99f83db8432ef,UNOBSERVED_ONLY_AS_0_50,0.50000000,1.00000000,0.00000000,0.42857143,0.57142857,1.00000000,0.00000000,0.42857143,0.32142857,0.60714286,True,,marnie_grimmsnarl,alakazam_psychic|cynthia_garchomp|rocket_mewtwo_spidops|kangaskhan_crustle,UNIQUE_TEAM_DAY_SHARE_WITHIN_MAJOR_MATCHUPS,ASSUMPTION_NOT_POINT_ESTIMATE
kangaskhan_crustle,d9d823b6d4021728bd8676d61ff3f5018097a65cde99c3e3daa99f83db8432ef,UNCERTAIN_AS_0,0.00000000,1.00000000,0.00000000,0.42857143,0.57142857,1.00000000,0.00000000,0.42857143,0.32142857,0.00000000,True,,marnie_grimmsnarl,alakazam_psychic|cynthia_garchomp|rocket_mewtwo_spidops|kangaskhan_crustle,UNIQUE_TEAM_DAY_SHARE_WITHIN_MAJOR_MATCHUPS,ASSUMPTION_NOT_POINT_ESTIMATE
kangaskhan_crustle,d9d823b6d4021728bd8676d61ff3f5018097a65cde99c3e3daa99f83db8432ef,UNCERTAIN_AS_0_25,0.25000000,1.00000000,0.00000000,0.42857143,0.57142857,1.00000000,0.00000000,0.42857143,0.32142857,0.25000000,True,,marnie_grimmsnarl,alakazam_psychic|cynthia_garchomp|rocket_mewtwo_spidops|kangaskhan_crustle,UNIQUE_TEAM_DAY_SHARE_WITHIN_MAJOR_MATCHUPS,ASSUMPTION_NOT_POINT_ESTIMATE
kangaskhan_crustle,d9d823b6d4021728bd8676d61ff3f5018097a65cde99c3e3daa99f83db8432ef,UNCERTAIN_AS_0_50,0.50000000,1.00000000,0.00000000,0.42857143,0.57142857,1.00000000,0.00000000,0.42857143,0.32142857,0.50000000,True,,marnie_grimmsnarl,alakazam_psychic|cynthia_garchomp|rocket_mewtwo_spidops|kangaskhan_crustle,UNIQUE_TEAM_DAY_SHARE_WITHIN_MAJOR_MATCHUPS,ASSUMPTION_NOT_POINT_ESTIMATE
kangaskhan_crustle,d9d823b6d4021728bd8676d61ff3f5018097a65cde99c3e3daa99f83db8432ef,UNCERTAIN_AS_1,1.00000000,1.00000000,0.00000000,0.42857143,0.57142857,1.00000000,0.00000000,0.42857143,0.32142857,1.00000000,True,,marnie_grimmsnarl,alakazam_psychic|cynthia_garchomp|rocket_mewtwo_spidops|kangaskhan_crustle,UNIQUE_TEAM_DAY_SHARE_WITHIN_MAJOR_MATCHUPS,ASSUMPTION_NOT_POINT_ESTIMATE
kangaskhan_crustle,d9d823b6d4021728bd8676d61ff3f5018097a65cde99c3e3daa99f83db8432ef,OBSERVED_WORST_FILL,,1.00000000,0.00000000,0.42857143,0.57142857,1.00000000,0.00000000,0.42857143,0.32142857,,True,,marnie_grimmsnarl,alakazam_psychic|cynthia_garchomp|rocket_mewtwo_spidops|kangaskhan_crustle,UNIQUE_TEAM_DAY_SHARE_WITHIN_MAJOR_MATCHUPS,ASSUMPTION_NOT_POINT_ESTIMATE
kangaskhan_crustle,d9d823b6d4021728bd8676d61ff3f5018097a65cde99c3e3daa99f83db8432ef,OBSERVED_ONLY_RENORMALIZED_LEGACY,,1.00000000,0.00000000,0.42857143,0.57142857,1.00000000,0.00000000,0.42857143,0.32142857,0.75000000,False,,marnie_grimmsnarl,alakazam_psychic|cynthia_garchomp|rocket_mewtwo_spidops|kangaskhan_crustle,UNIQUE_TEAM_DAY_SHARE_WITHIN_MAJOR_MATCHUPS,OBSERVED_CELLS_ONLY_RENORMALIZED_NOT_FULL_META_ESTIMATE
marnie_grimmsnarl,4194e1d86dc0188c5bff8f2bb73dc4351aed38f266335934abbe58b9cddbf6b3,UNOBSERVED_ONLY_AS_0,0.00000000,1.00000000,0.91836735,0.08163265,0.00000000,0.08163265,0.48363459,1.00000000,0.50404276,0.50404276,True,marnie_grimmsnarl|alakazam_psychic|cynthia_garchomp|rocket_mewtwo_spidops,kangaskhan_crustle,,UNIQUE_TEAM_DAY_SHARE_WITHIN_MAJOR_MATCHUPS,ASSUMPTION_NOT_POINT_ESTIMATE
marnie_grimmsnarl,4194e1d86dc0188c5bff8f2bb73dc4351aed38f266335934abbe58b9cddbf6b3,UNOBSERVED_ONLY_AS_0_25,0.25000000,1.00000000,0.91836735,0.08163265,0.00000000,0.08163265,0.48363459,1.00000000,0.50404276,0.50404276,True,marnie_grimmsnarl|alakazam_psychic|cynthia_garchomp|rocket_mewtwo_spidops,kangaskhan_crustle,,UNIQUE_TEAM_DAY_SHARE_WITHIN_MAJOR_MATCHUPS,ASSUMPTION_NOT_POINT_ESTIMATE
marnie_grimmsnarl,4194e1d86dc0188c5bff8f2bb73dc4351aed38f266335934abbe58b9cddbf6b3,UNOBSERVED_ONLY_AS_0_50,0.50000000,1.00000000,0.91836735,0.08163265,0.00000000,0.08163265,0.48363459,1.00000000,0.50404276,0.50404276,True,marnie_grimmsnarl|alakazam_psychic|cynthia_garchomp|rocket_mewtwo_spidops,kangaskhan_crustle,,UNIQUE_TEAM_DAY_SHARE_WITHIN_MAJOR_MATCHUPS,ASSUMPTION_NOT_POINT_ESTIMATE
marnie_grimmsnarl,4194e1d86dc0188c5bff8f2bb73dc4351aed38f266335934abbe58b9cddbf6b3,UNCERTAIN_AS_0,0.00000000,1.00000000,0.91836735,0.08163265,0.00000000,0.08163265,0.48363459,1.00000000,0.50404276,0.48363459,True,marnie_grimmsnarl|alakazam_psychic|cynthia_garchomp|rocket_mewtwo_spidops,kangaskhan_crustle,,UNIQUE_TEAM_DAY_SHARE_WITHIN_MAJOR_MATCHUPS,ASSUMPTION_NOT_POINT_ESTIMATE
marnie_grimmsnarl,4194e1d86dc0188c5bff8f2bb73dc4351aed38f266335934abbe58b9cddbf6b3,UNCERTAIN_AS_0_25,0.25000000,1.00000000,0.91836735,0.08163265,0.00000000,0.08163265,0.48363459,1.00000000,0.50404276,0.50404276,True,marnie_grimmsnarl|alakazam_psychic|cynthia_garchomp|rocket_mewtwo_spidops,kangaskhan_crustle,,UNIQUE_TEAM_DAY_SHARE_WITHIN_MAJOR_MATCHUPS,ASSUMPTION_NOT_POINT_ESTIMATE
marnie_grimmsnarl,4194e1d86dc0188c5bff8f2bb73dc4351aed38f266335934abbe58b9cddbf6b3,UNCERTAIN_AS_0_50,0.50000000,1.00000000,0.91836735,0.08163265,0.00000000,0.08163265,0.48363459,1.00000000,0.50404276,0.52445092,True,marnie_grimmsnarl|alakazam_psychic|cynthia_garchomp|rocket_mewtwo_spidops,kangaskhan_crustle,,UNIQUE_TEAM_DAY_SHARE_WITHIN_MAJOR_MATCHUPS,ASSUMPTION_NOT_POINT_ESTIMATE
marnie_grimmsnarl,4194e1d86dc0188c5bff8f2bb73dc4351aed38f266335934abbe58b9cddbf6b3,UNCERTAIN_AS_1,1.00000000,1.00000000,0.91836735,0.08163265,0.00000000,0.08163265,0.48363459,1.00000000,0.50404276,0.56526725,True,marnie_grimmsnarl|alakazam_psychic|cynthia_garchomp|rocket_mewtwo_spidops,kangaskhan_crustle,,UNIQUE_TEAM_DAY_SHARE_WITHIN_MAJOR_MATCHUPS,ASSUMPTION_NOT_POINT_ESTIMATE
marnie_grimmsnarl,4194e1d86dc0188c5bff8f2bb73dc4351aed38f266335934abbe58b9cddbf6b3,OBSERVED_WORST_FILL,0.41179654,1.00000000,0.91836735,0.08163265,0.00000000,0.08163265,0.48363459,1.00000000,0.50404276,0.51725064,True,marnie_grimmsnarl|alakazam_psychic|cynthia_garchomp|rocket_mewtwo_spidops,kangaskhan_crustle,,UNIQUE_TEAM_DAY_SHARE_WITHIN_MAJOR_MATCHUPS,ASSUMPTION_NOT_POINT_ESTIMATE
marnie_grimmsnarl,4194e1d86dc0188c5bff8f2bb73dc4351aed38f266335934abbe58b9cddbf6b3,OBSERVED_ONLY_RENORMALIZED_LEGACY,,1.00000000,0.91836735,0.08163265,0.00000000,0.08163265,0.48363459,1.00000000,0.50404276,0.50404276,False,marnie_grimmsnarl|alakazam_psychic|cynthia_garchomp|rocket_mewtwo_spidops,kangaskhan_crustle,,UNIQUE_TEAM_DAY_SHARE_WITHIN_MAJOR_MATCHUPS,OBSERVED_CELLS_ONLY_RENORMALIZED_NOT_FULL_META_ESTIMATE
marnie_grimmsnarl,41bdf9d5d3c36ee70007a5d4967839bf960feb66a8f7e3c77ad73bfec973c061,UNOBSERVED_ONLY_AS_0,0.00000000,1.00000000,0.14285714,0.77551020,0.08163265,0.85714286,0.04761905,0.91836735,0.33877551,0.33877551,True,cynthia_garchomp,marnie_grimmsnarl|alakazam_psychic|rocket_mewtwo_spidops,kangaskhan_crustle,UNIQUE_TEAM_DAY_SHARE_WITHIN_MAJOR_MATCHUPS,ASSUMPTION_NOT_POINT_ESTIMATE
marnie_grimmsnarl,41bdf9d5d3c36ee70007a5d4967839bf960feb66a8f7e3c77ad73bfec973c061,UNOBSERVED_ONLY_AS_0_25,0.25000000,1.00000000,0.14285714,0.77551020,0.08163265,0.85714286,0.04761905,0.91836735,0.33877551,0.35918367,True,cynthia_garchomp,marnie_grimmsnarl|alakazam_psychic|rocket_mewtwo_spidops,kangaskhan_crustle,UNIQUE_TEAM_DAY_SHARE_WITHIN_MAJOR_MATCHUPS,ASSUMPTION_NOT_POINT_ESTIMATE
marnie_grimmsnarl,41bdf9d5d3c36ee70007a5d4967839bf960feb66a8f7e3c77ad73bfec973c061,UNOBSERVED_ONLY_AS_0_50,0.50000000,1.00000000,0.14285714,0.77551020,0.08163265,0.85714286,0.04761905,0.91836735,0.33877551,0.37959184,True,cynthia_garchomp,marnie_grimmsnarl|alakazam_psychic|rocket_mewtwo_spidops,kangaskhan_crustle,UNIQUE_TEAM_DAY_SHARE_WITHIN_MAJOR_MATCHUPS,ASSUMPTION_NOT_POINT_ESTIMATE
marnie_grimmsnarl,41bdf9d5d3c36ee70007a5d4967839bf960feb66a8f7e3c77ad73bfec973c061,UNCERTAIN_AS_0,0.00000000,1.00000000,0.14285714,0.77551020,0.08163265,0.85714286,0.04761905,0.91836735,0.33877551,0.04761905,True,cynthia_garchomp,marnie_grimmsnarl|alakazam_psychic|rocket_mewtwo_spidops,kangaskhan_crustle,UNIQUE_TEAM_DAY_SHARE_WITHIN_MAJOR_MATCHUPS,ASSUMPTION_NOT_POINT_ESTIMATE
marnie_grimmsnarl,41bdf9d5d3c36ee70007a5d4967839bf960feb66a8f7e3c77ad73bfec973c061,UNCERTAIN_AS_0_25,0.25000000,1.00000000,0.14285714,0.77551020,0.08163265,0.85714286,0.04761905,0.91836735,0.33877551,0.26190476,True,cynthia_garchomp,marnie_grimmsnarl|alakazam_psychic|rocket_mewtwo_spidops,kangaskhan_crustle,UNIQUE_TEAM_DAY_SHARE_WITHIN_MAJOR_MATCHUPS,ASSUMPTION_NOT_POINT_ESTIMATE
marnie_grimmsnarl,41bdf9d5d3c36ee70007a5d4967839bf960feb66a8f7e3c77ad73bfec973c061,UNCERTAIN_AS_0_50,0.50000000,1.00000000,0.14285714,0.77551020,0.08163265,0.85714286,0.04761905,0.91836735,0.33877551,0.47619048,True,cynthia_garchomp,marnie_grimmsnarl|alakazam_psychic|rocket_mewtwo_spidops,kangaskhan_crustle,UNIQUE_TEAM_DAY_SHARE_WITHIN_MAJOR_MATCHUPS,ASSUMPTION_NOT_POINT_ESTIMATE
marnie_grimmsnarl,41bdf9d5d3c36ee70007a5d4967839bf960feb66a8f7e3c77ad73bfec973c061,UNCERTAIN_AS_1,1.00000000,1.00000000,0.14285714,0.77551020,0.08163265,0.85714286,0.04761905,0.91836735,0.33877551,0.90476190,True,cynthia_garchomp,marnie_grimmsnarl|alakazam_psychic|rocket_mewtwo_spidops,kangaskhan_crustle,UNIQUE_TEAM_DAY_SHARE_WITHIN_MAJOR_MATCHUPS,ASSUMPTION_NOT_POINT_ESTIMATE
marnie_grimmsnarl,41bdf9d5d3c36ee70007a5d4967839bf960feb66a8f7e3c77ad73bfec973c061,OBSERVED_WORST_FILL,0.33333333,1.00000000,0.14285714,0.77551020,0.08163265,0.85714286,0.04761905,0.91836735,0.33877551,0.33333333,True,cynthia_garchomp,marnie_grimmsnarl|alakazam_psychic|rocket_mewtwo_spidops,kangaskhan_crustle,UNIQUE_TEAM_DAY_SHARE_WITHIN_MAJOR_MATCHUPS,ASSUMPTION_NOT_POINT_ESTIMATE
marnie_grimmsnarl,41bdf9d5d3c36ee70007a5d4967839bf960feb66a8f7e3c77ad73bfec973c061,OBSERVED_ONLY_RENORMALIZED_LEGACY,,1.00000000,0.14285714,0.77551020,0.08163265,0.85714286,0.04761905,0.91836735,0.33877551,0.36888889,False,cynthia_garchomp,marnie_grimmsnarl|alakazam_psychic|rocket_mewtwo_spidops,kangaskhan_crustle,UNIQUE_TEAM_DAY_SHARE_WITHIN_MAJOR_MATCHUPS,OBSERVED_CELLS_ONLY_RENORMALIZED_NOT_FULL_META_ESTIMATE
marnie_grimmsnarl,844bf7ad54baf1fa12555e1c75076f24b7becdf8d6b5470ef758b101a7177181,UNOBSERVED_ONLY_AS_0,0.00000000,1.00000000,0.00000000,0.42857143,0.57142857,1.00000000,0.00000000,0.42857143,0.00000000,0.00000000,True,,marnie_grimmsnarl,alakazam_psychic|cynthia_garchomp|rocket_mewtwo_spidops|kangaskhan_crustle,UNIQUE_TEAM_DAY_SHARE_WITHIN_MAJOR_MATCHUPS,ASSUMPTION_NOT_POINT_ESTIMATE
marnie_grimmsnarl,844bf7ad54baf1fa12555e1c75076f24b7becdf8d6b5470ef758b101a7177181,UNOBSERVED_ONLY_AS_0_25,0.25000000,1.00000000,0.00000000,0.42857143,0.57142857,1.00000000,0.00000000,0.42857143,0.00000000,0.14285714,True,,marnie_grimmsnarl,alakazam_psychic|cynthia_garchomp|rocket_mewtwo_spidops|kangaskhan_crustle,UNIQUE_TEAM_DAY_SHARE_WITHIN_MAJOR_MATCHUPS,ASSUMPTION_NOT_POINT_ESTIMATE
marnie_grimmsnarl,844bf7ad54baf1fa12555e1c75076f24b7becdf8d6b5470ef758b101a7177181,UNOBSERVED_ONLY_AS_0_50,0.50000000,1.00000000,0.00000000,0.42857143,0.57142857,1.00000000,0.00000000,0.42857143,0.00000000,0.28571429,True,,marnie_grimmsnarl,alakazam_psychic|cynthia_garchomp|rocket_mewtwo_spidops|kangaskhan_crustle,UNIQUE_TEAM_DAY_SHARE_WITHIN_MAJOR_MATCHUPS,ASSUMPTION_NOT_POINT_ESTIMATE
marnie_grimmsnarl,844bf7ad54baf1fa12555e1c75076f24b7becdf8d6b5470ef758b101a7177181,UNCERTAIN_AS_0,0.00000000,1.00000000,0.00000000,0.42857143,0.57142857,1.00000000,0.00000000,0.42857143,0.00000000,0.00000000,True,,marnie_grimmsnarl,alakazam_psychic|cynthia_garchomp|rocket_mewtwo_spidops|kangaskhan_crustle,UNIQUE_TEAM_DAY_SHARE_WITHIN_MAJOR_MATCHUPS,ASSUMPTION_NOT_POINT_ESTIMATE
marnie_grimmsnarl,844bf7ad54baf1fa12555e1c75076f24b7becdf8d6b5470ef758b101a7177181,UNCERTAIN_AS_0_25,0.25000000,1.00000000,0.00000000,0.42857143,0.57142857,1.00000000,0.00000000,0.42857143,0.00000000,0.25000000,True,,marnie_grimmsnarl,alakazam_psychic|cynthia_garchomp|rocket_mewtwo_spidops|kangaskhan_crustle,UNIQUE_TEAM_DAY_SHARE_WITHIN_MAJOR_MATCHUPS,ASSUMPTION_NOT_POINT_ESTIMATE
marnie_grimmsnarl,844bf7ad54baf1fa12555e1c75076f24b7becdf8d6b5470ef758b101a7177181,UNCERTAIN_AS_0_50,0.50000000,1.00000000,0.00000000,0.42857143,0.57142857,1.00000000,0.00000000,0.42857143,0.00000000,0.50000000,True,,marnie_grimmsnarl,alakazam_psychic|cynthia_garchomp|rocket_mewtwo_spidops|kangaskhan_crustle,UNIQUE_TEAM_DAY_SHARE_WITHIN_MAJOR_MATCHUPS,ASSUMPTION_NOT_POINT_ESTIMATE
marnie_grimmsnarl,844bf7ad54baf1fa12555e1c75076f24b7becdf8d6b5470ef758b101a7177181,UNCERTAIN_AS_1,1.00000000,1.00000000,0.00000000,0.42857143,0.57142857,1.00000000,0.00000000,0.42857143,0.00000000,1.00000000,True,,marnie_grimmsnarl,alakazam_psychic|cynthia_garchomp|rocket_mewtwo_spidops|kangaskhan_crustle,UNIQUE_TEAM_DAY_SHARE_WITHIN_MAJOR_MATCHUPS,ASSUMPTION_NOT_POINT_ESTIMATE
marnie_grimmsnarl,844bf7ad54baf1fa12555e1c75076f24b7becdf8d6b5470ef758b101a7177181,OBSERVED_WORST_FILL,,1.00000000,0.00000000,0.42857143,0.57142857,1.00000000,0.00000000,0.42857143,0.00000000,,True,,marnie_grimmsnarl,alakazam_psychic|cynthia_garchomp|rocket_mewtwo_spidops|kangaskhan_crustle,UNIQUE_TEAM_DAY_SHARE_WITHIN_MAJOR_MATCHUPS,ASSUMPTION_NOT_POINT_ESTIMATE
marnie_grimmsnarl,844bf7ad54baf1fa12555e1c75076f24b7becdf8d6b5470ef758b101a7177181,OBSERVED_ONLY_RENORMALIZED_LEGACY,,1.00000000,0.00000000,0.42857143,0.57142857,1.00000000,0.00000000,0.42857143,0.00000000,0.00000000,False,,marnie_grimmsnarl,alakazam_psychic|cynthia_garchomp|rocket_mewtwo_spidops|kangaskhan_crustle,UNIQUE_TEAM_DAY_SHARE_WITHIN_MAJOR_MATCHUPS,OBSERVED_CELLS_ONLY_RENORMALIZED_NOT_FULL_META_ESTIMATE
rocket_mewtwo_spidops,08cdc986c1077da2e1bd5563b7759e7183aa0abee20dd68bf668406195b945f4,UNOBSERVED_ONLY_AS_0,0.00000000,1.00000000,0.00000000,0.42857143,0.57142857,1.00000000,0.00000000,0.42857143,0.21428571,0.21428571,True,,marnie_grimmsnarl,alakazam_psychic|cynthia_garchomp|rocket_mewtwo_spidops|kangaskhan_crustle,UNIQUE_TEAM_DAY_SHARE_WITHIN_MAJOR_MATCHUPS,ASSUMPTION_NOT_POINT_ESTIMATE
rocket_mewtwo_spidops,08cdc986c1077da2e1bd5563b7759e7183aa0abee20dd68bf668406195b945f4,UNOBSERVED_ONLY_AS_0_25,0.25000000,1.00000000,0.00000000,0.42857143,0.57142857,1.00000000,0.00000000,0.42857143,0.21428571,0.35714286,True,,marnie_grimmsnarl,alakazam_psychic|cynthia_garchomp|rocket_mewtwo_spidops|kangaskhan_crustle,UNIQUE_TEAM_DAY_SHARE_WITHIN_MAJOR_MATCHUPS,ASSUMPTION_NOT_POINT_ESTIMATE
rocket_mewtwo_spidops,08cdc986c1077da2e1bd5563b7759e7183aa0abee20dd68bf668406195b945f4,UNOBSERVED_ONLY_AS_0_50,0.50000000,1.00000000,0.00000000,0.42857143,0.57142857,1.00000000,0.00000000,0.42857143,0.21428571,0.50000000,True,,marnie_grimmsnarl,alakazam_psychic|cynthia_garchomp|rocket_mewtwo_spidops|kangaskhan_crustle,UNIQUE_TEAM_DAY_SHARE_WITHIN_MAJOR_MATCHUPS,ASSUMPTION_NOT_POINT_ESTIMATE
rocket_mewtwo_spidops,08cdc986c1077da2e1bd5563b7759e7183aa0abee20dd68bf668406195b945f4,UNCERTAIN_AS_0,0.00000000,1.00000000,0.00000000,0.42857143,0.57142857,1.00000000,0.00000000,0.42857143,0.21428571,0.00000000,True,,marnie_grimmsnarl,alakazam_psychic|cynthia_garchomp|rocket_mewtwo_spidops|kangaskhan_crustle,UNIQUE_TEAM_DAY_SHARE_WITHIN_MAJOR_MATCHUPS,ASSUMPTION_NOT_POINT_ESTIMATE
rocket_mewtwo_spidops,08cdc986c1077da2e1bd5563b7759e7183aa0abee20dd68bf668406195b945f4,UNCERTAIN_AS_0_25,0.25000000,1.00000000,0.00000000,0.42857143,0.57142857,1.00000000,0.00000000,0.42857143,0.21428571,0.25000000,True,,marnie_grimmsnarl,alakazam_psychic|cynthia_garchomp|rocket_mewtwo_spidops|kangaskhan_crustle,UNIQUE_TEAM_DAY_SHARE_WITHIN_MAJOR_MATCHUPS,ASSUMPTION_NOT_POINT_ESTIMATE
rocket_mewtwo_spidops,08cdc986c1077da2e1bd5563b7759e7183aa0abee20dd68bf668406195b945f4,UNCERTAIN_AS_0_50,0.50000000,1.00000000,0.00000000,0.42857143,0.57142857,1.00000000,0.00000000,0.42857143,0.21428571,0.50000000,True,,marnie_grimmsnarl,alakazam_psychic|cynthia_garchomp|rocket_mewtwo_spidops|kangaskhan_crustle,UNIQUE_TEAM_DAY_SHARE_WITHIN_MAJOR_MATCHUPS,ASSUMPTION_NOT_POINT_ESTIMATE
rocket_mewtwo_spidops,08cdc986c1077da2e1bd5563b7759e7183aa0abee20dd68bf668406195b945f4,UNCERTAIN_AS_1,1.00000000,1.00000000,0.00000000,0.42857143,0.57142857,1.00000000,0.00000000,0.42857143,0.21428571,1.00000000,True,,marnie_grimmsnarl,alakazam_psychic|cynthia_garchomp|rocket_mewtwo_spidops|kangaskhan_crustle,UNIQUE_TEAM_DAY_SHARE_WITHIN_MAJOR_MATCHUPS,ASSUMPTION_NOT_POINT_ESTIMATE
rocket_mewtwo_spidops,08cdc986c1077da2e1bd5563b7759e7183aa0abee20dd68bf668406195b945f4,OBSERVED_WORST_FILL,,1.00000000,0.00000000,0.42857143,0.57142857,1.00000000,0.00000000,0.42857143,0.21428571,,True,,marnie_grimmsnarl,alakazam_psychic|cynthia_garchomp|rocket_mewtwo_spidops|kangaskhan_crustle,UNIQUE_TEAM_DAY_SHARE_WITHIN_MAJOR_MATCHUPS,ASSUMPTION_NOT_POINT_ESTIMATE
rocket_mewtwo_spidops,08cdc986c1077da2e1bd5563b7759e7183aa0abee20dd68bf668406195b945f4,OBSERVED_ONLY_RENORMALIZED_LEGACY,,1.00000000,0.00000000,0.42857143,0.57142857,1.00000000,0.00000000,0.42857143,0.21428571,0.50000000,False,,marnie_grimmsnarl,alakazam_psychic|cynthia_garchomp|rocket_mewtwo_spidops|kangaskhan_crustle,UNIQUE_TEAM_DAY_SHARE_WITHIN_MAJOR_MATCHUPS,OBSERVED_CELLS_ONLY_RENORMALIZED_NOT_FULL_META_ESTIMATE
rocket_mewtwo_spidops,0eae05da298f9c733b58c3800362e43a58fdfb8082a62e263b2590df17530dbb,UNOBSERVED_ONLY_AS_0,0.00000000,1.00000000,0.00000000,0.08163265,0.91836735,1.00000000,0.00000000,0.08163265,0.08163265,0.08163265,True,,kangaskhan_crustle,marnie_grimmsnarl|alakazam_psychic|cynthia_garchomp|rocket_mewtwo_spidops,UNIQUE_TEAM_DAY_SHARE_WITHIN_MAJOR_MATCHUPS,ASSUMPTION_NOT_POINT_ESTIMATE
rocket_mewtwo_spidops,0eae05da298f9c733b58c3800362e43a58fdfb8082a62e263b2590df17530dbb,UNOBSERVED_ONLY_AS_0_25,0.25000000,1.00000000,0.00000000,0.08163265,0.91836735,1.00000000,0.00000000,0.08163265,0.08163265,0.31122449,True,,kangaskhan_crustle,marnie_grimmsnarl|alakazam_psychic|cynthia_garchomp|rocket_mewtwo_spidops,UNIQUE_TEAM_DAY_SHARE_WITHIN_MAJOR_MATCHUPS,ASSUMPTION_NOT_POINT_ESTIMATE
rocket_mewtwo_spidops,0eae05da298f9c733b58c3800362e43a58fdfb8082a62e263b2590df17530dbb,UNOBSERVED_ONLY_AS_0_50,0.50000000,1.00000000,0.00000000,0.08163265,0.91836735,1.00000000,0.00000000,0.08163265,0.08163265,0.54081633,True,,kangaskhan_crustle,marnie_grimmsnarl|alakazam_psychic|cynthia_garchomp|rocket_mewtwo_spidops,UNIQUE_TEAM_DAY_SHARE_WITHIN_MAJOR_MATCHUPS,ASSUMPTION_NOT_POINT_ESTIMATE
rocket_mewtwo_spidops,0eae05da298f9c733b58c3800362e43a58fdfb8082a62e263b2590df17530dbb,UNCERTAIN_AS_0,0.00000000,1.00000000,0.00000000,0.08163265,0.91836735,1.00000000,0.00000000,0.08163265,0.08163265,0.00000000,True,,kangaskhan_crustle,marnie_grimmsnarl|alakazam_psychic|cynthia_garchomp|rocket_mewtwo_spidops,UNIQUE_TEAM_DAY_SHARE_WITHIN_MAJOR_MATCHUPS,ASSUMPTION_NOT_POINT_ESTIMATE
rocket_mewtwo_spidops,0eae05da298f9c733b58c3800362e43a58fdfb8082a62e263b2590df17530dbb,UNCERTAIN_AS_0_25,0.25000000,1.00000000,0.00000000,0.08163265,0.91836735,1.00000000,0.00000000,0.08163265,0.08163265,0.25000000,True,,kangaskhan_crustle,marnie_grimmsnarl|alakazam_psychic|cynthia_garchomp|rocket_mewtwo_spidops,UNIQUE_TEAM_DAY_SHARE_WITHIN_MAJOR_MATCHUPS,ASSUMPTION_NOT_POINT_ESTIMATE
rocket_mewtwo_spidops,0eae05da298f9c733b58c3800362e43a58fdfb8082a62e263b2590df17530dbb,UNCERTAIN_AS_0_50,0.50000000,1.00000000,0.00000000,0.08163265,0.91836735,1.00000000,0.00000000,0.08163265,0.08163265,0.50000000,True,,kangaskhan_crustle,marnie_grimmsnarl|alakazam_psychic|cynthia_garchomp|rocket_mewtwo_spidops,UNIQUE_TEAM_DAY_SHARE_WITHIN_MAJOR_MATCHUPS,ASSUMPTION_NOT_POINT_ESTIMATE
rocket_mewtwo_spidops,0eae05da298f9c733b58c3800362e43a58fdfb8082a62e263b2590df17530dbb,UNCERTAIN_AS_1,1.00000000,1.00000000,0.00000000,0.08163265,0.91836735,1.00000000,0.00000000,0.08163265,0.08163265,1.00000000,True,,kangaskhan_crustle,marnie_grimmsnarl|alakazam_psychic|cynthia_garchomp|rocket_mewtwo_spidops,UNIQUE_TEAM_DAY_SHARE_WITHIN_MAJOR_MATCHUPS,ASSUMPTION_NOT_POINT_ESTIMATE
rocket_mewtwo_spidops,0eae05da298f9c733b58c3800362e43a58fdfb8082a62e263b2590df17530dbb,OBSERVED_WORST_FILL,,1.00000000,0.00000000,0.08163265,0.91836735,1.00000000,0.00000000,0.08163265,0.08163265,,True,,kangaskhan_crustle,marnie_grimmsnarl|alakazam_psychic|cynthia_garchomp|rocket_mewtwo_spidops,UNIQUE_TEAM_DAY_SHARE_WITHIN_MAJOR_MATCHUPS,ASSUMPTION_NOT_POINT_ESTIMATE
rocket_mewtwo_spidops,0eae05da298f9c733b58c3800362e43a58fdfb8082a62e263b2590df17530dbb,OBSERVED_ONLY_RENORMALIZED_LEGACY,,1.00000000,0.00000000,0.08163265,0.91836735,1.00000000,0.00000000,0.08163265,0.08163265,1.00000000,False,,kangaskhan_crustle,marnie_grimmsnarl|alakazam_psychic|cynthia_garchomp|rocket_mewtwo_spidops,UNIQUE_TEAM_DAY_SHARE_WITHIN_MAJOR_MATCHUPS,OBSERVED_CELLS_ONLY_RENORMALIZED_NOT_FULL_META_ESTIMATE
rocket_mewtwo_spidops,2a45004015205c6f997100b0559baae28a6f00745810a4d7c83d30e31f0452c0,UNOBSERVED_ONLY_AS_0,0.00000000,1.00000000,0.42857143,0.14285714,0.42857143,0.57142857,0.09428571,0.57142857,0.11809524,0.11809524,True,marnie_grimmsnarl,cynthia_garchomp,alakazam_psychic|rocket_mewtwo_spidops|kangaskhan_crustle,UNIQUE_TEAM_DAY_SHARE_WITHIN_MAJOR_MATCHUPS,ASSUMPTION_NOT_POINT_ESTIMATE
rocket_mewtwo_spidops,2a45004015205c6f997100b0559baae28a6f00745810a4d7c83d30e31f0452c0,UNOBSERVED_ONLY_AS_0_25,0.25000000,1.00000000,0.42857143,0.14285714,0.42857143,0.57142857,0.09428571,0.57142857,0.11809524,0.22523810,True,marnie_grimmsnarl,cynthia_garchomp,alakazam_psychic|rocket_mewtwo_spidops|kangaskhan_crustle,UNIQUE_TEAM_DAY_SHARE_WITHIN_MAJOR_MATCHUPS,ASSUMPTION_NOT_POINT_ESTIMATE
rocket_mewtwo_spidops,2a45004015205c6f997100b0559baae28a6f00745810a4d7c83d30e31f0452c0,UNOBSERVED_ONLY_AS_0_50,0.50000000,1.00000000,0.42857143,0.14285714,0.42857143,0.57142857,0.09428571,0.57142857,0.11809524,0.33238095,True,marnie_grimmsnarl,cynthia_garchomp,alakazam_psychic|rocket_mewtwo_spidops|kangaskhan_crustle,UNIQUE_TEAM_DAY_SHARE_WITHIN_MAJOR_MATCHUPS,ASSUMPTION_NOT_POINT_ESTIMATE
rocket_mewtwo_spidops,2a45004015205c6f997100b0559baae28a6f00745810a4d7c83d30e31f0452c0,UNCERTAIN_AS_0,0.00000000,1.00000000,0.42857143,0.14285714,0.42857143,0.57142857,0.09428571,0.57142857,0.11809524,0.09428571,True,marnie_grimmsnarl,cynthia_garchomp,alakazam_psychic|rocket_mewtwo_spidops|kangaskhan_crustle,UNIQUE_TEAM_DAY_SHARE_WITHIN_MAJOR_MATCHUPS,ASSUMPTION_NOT_POINT_ESTIMATE
rocket_mewtwo_spidops,2a45004015205c6f997100b0559baae28a6f00745810a4d7c83d30e31f0452c0,UNCERTAIN_AS_0_25,0.25000000,1.00000000,0.42857143,0.14285714,0.42857143,0.57142857,0.09428571,0.57142857,0.11809524,0.23714286,True,marnie_grimmsnarl,cynthia_garchomp,alakazam_psychic|rocket_mewtwo_spidops|kangaskhan_crustle,UNIQUE_TEAM_DAY_SHARE_WITHIN_MAJOR_MATCHUPS,ASSUMPTION_NOT_POINT_ESTIMATE
rocket_mewtwo_spidops,2a45004015205c6f997100b0559baae28a6f00745810a4d7c83d30e31f0452c0,UNCERTAIN_AS_0_50,0.50000000,1.00000000,0.42857143,0.14285714,0.42857143,0.57142857,0.09428571,0.57142857,0.11809524,0.38000000,True,marnie_grimmsnarl,cynthia_garchomp,alakazam_psychic|rocket_mewtwo_spidops|kangaskhan_crustle,UNIQUE_TEAM_DAY_SHARE_WITHIN_MAJOR_MATCHUPS,ASSUMPTION_NOT_POINT_ESTIMATE
rocket_mewtwo_spidops,2a45004015205c6f997100b0559baae28a6f00745810a4d7c83d30e31f0452c0,UNCERTAIN_AS_1,1.00000000,1.00000000,0.42857143,0.14285714,0.42857143,0.57142857,0.09428571,0.57142857,0.11809524,0.66571429,True,marnie_grimmsnarl,cynthia_garchomp,alakazam_psychic|rocket_mewtwo_spidops|kangaskhan_crustle,UNIQUE_TEAM_DAY_SHARE_WITHIN_MAJOR_MATCHUPS,ASSUMPTION_NOT_POINT_ESTIMATE
rocket_mewtwo_spidops,2a45004015205c6f997100b0559baae28a6f00745810a4d7c83d30e31f0452c0,OBSERVED_WORST_FILL,0.22000000,1.00000000,0.42857143,0.14285714,0.42857143,0.57142857,0.09428571,0.57142857,0.11809524,0.22000000,True,marnie_grimmsnarl,cynthia_garchomp,alakazam_psychic|rocket_mewtwo_spidops|kangaskhan_crustle,UNIQUE_TEAM_DAY_SHARE_WITHIN_MAJOR_MATCHUPS,ASSUMPTION_NOT_POINT_ESTIMATE
rocket_mewtwo_spidops,2a45004015205c6f997100b0559baae28a6f00745810a4d7c83d30e31f0452c0,OBSERVED_ONLY_RENORMALIZED_LEGACY,,1.00000000,0.42857143,0.14285714,0.42857143,0.57142857,0.09428571,0.57142857,0.11809524,0.20666667,False,marnie_grimmsnarl,cynthia_garchomp,alakazam_psychic|rocket_mewtwo_spidops|kangaskhan_crustle,UNIQUE_TEAM_DAY_SHARE_WITHIN_MAJOR_MATCHUPS,OBSERVED_CELLS_ONLY_RENORMALIZED_NOT_FULL_META_ESTIMATE
rocket_mewtwo_spidops,718fa61c99f47a29ac79edac7fe5da739a0d2a6d1ca556901fc9a3296b42b2e2,UNOBSERVED_ONLY_AS_0,0.00000000,1.00000000,0.00000000,0.42857143,0.57142857,1.00000000,0.00000000,0.42857143,0.10714286,0.10714286,True,,marnie_grimmsnarl,alakazam_psychic|cynthia_garchomp|rocket_mewtwo_spidops|kangaskhan_crustle,UNIQUE_TEAM_DAY_SHARE_WITHIN_MAJOR_MATCHUPS,ASSUMPTION_NOT_POINT_ESTIMATE
rocket_mewtwo_spidops,718fa61c99f47a29ac79edac7fe5da739a0d2a6d1ca556901fc9a3296b42b2e2,UNOBSERVED_ONLY_AS_0_25,0.25000000,1.00000000,0.00000000,0.42857143,0.57142857,1.00000000,0.00000000,0.42857143,0.10714286,0.25000000,True,,marnie_grimmsnarl,alakazam_psychic|cynthia_garchomp|rocket_mewtwo_spidops|kangaskhan_crustle,UNIQUE_TEAM_DAY_SHARE_WITHIN_MAJOR_MATCHUPS,ASSUMPTION_NOT_POINT_ESTIMATE
rocket_mewtwo_spidops,718fa61c99f47a29ac79edac7fe5da739a0d2a6d1ca556901fc9a3296b42b2e2,UNOBSERVED_ONLY_AS_0_50,0.50000000,1.00000000,0.00000000,0.42857143,0.57142857,1.00000000,0.00000000,0.42857143,0.10714286,0.39285714,True,,marnie_grimmsnarl,alakazam_psychic|cynthia_garchomp|rocket_mewtwo_spidops|kangaskhan_crustle,UNIQUE_TEAM_DAY_SHARE_WITHIN_MAJOR_MATCHUPS,ASSUMPTION_NOT_POINT_ESTIMATE
rocket_mewtwo_spidops,718fa61c99f47a29ac79edac7fe5da739a0d2a6d1ca556901fc9a3296b42b2e2,UNCERTAIN_AS_0,0.00000000,1.00000000,0.00000000,0.42857143,0.57142857,1.00000000,0.00000000,0.42857143,0.10714286,0.00000000,True,,marnie_grimmsnarl,alakazam_psychic|cynthia_garchomp|rocket_mewtwo_spidops|kangaskhan_crustle,UNIQUE_TEAM_DAY_SHARE_WITHIN_MAJOR_MATCHUPS,ASSUMPTION_NOT_POINT_ESTIMATE
rocket_mewtwo_spidops,718fa61c99f47a29ac79edac7fe5da739a0d2a6d1ca556901fc9a3296b42b2e2,UNCERTAIN_AS_0_25,0.25000000,1.00000000,0.00000000,0.42857143,0.57142857,1.00000000,0.00000000,0.42857143,0.10714286,0.25000000,True,,marnie_grimmsnarl,alakazam_psychic|cynthia_garchomp|rocket_mewtwo_spidops|kangaskhan_crustle,UNIQUE_TEAM_DAY_SHARE_WITHIN_MAJOR_MATCHUPS,ASSUMPTION_NOT_POINT_ESTIMATE
rocket_mewtwo_spidops,718fa61c99f47a29ac79edac7fe5da739a0d2a6d1ca556901fc9a3296b42b2e2,UNCERTAIN_AS_0_50,0.50000000,1.00000000,0.00000000,0.42857143,0.57142857,1.00000000,0.00000000,0.42857143,0.10714286,0.50000000,True,,marnie_grimmsnarl,alakazam_psychic|cynthia_garchomp|rocket_mewtwo_spidops|kangaskhan_crustle,UNIQUE_TEAM_DAY_SHARE_WITHIN_MAJOR_MATCHUPS,ASSUMPTION_NOT_POINT_ESTIMATE
rocket_mewtwo_spidops,718fa61c99f47a29ac79edac7fe5da739a0d2a6d1ca556901fc9a3296b42b2e2,UNCERTAIN_AS_1,1.00000000,1.00000000,0.00000000,0.42857143,0.57142857,1.00000000,0.00000000,0.42857143,0.10714286,1.00000000,True,,marnie_grimmsnarl,alakazam_psychic|cynthia_garchomp|rocket_mewtwo_spidops|kangaskhan_crustle,UNIQUE_TEAM_DAY_SHARE_WITHIN_MAJOR_MATCHUPS,ASSUMPTION_NOT_POINT_ESTIMATE
rocket_mewtwo_spidops,718fa61c99f47a29ac79edac7fe5da739a0d2a6d1ca556901fc9a3296b42b2e2,OBSERVED_WORST_FILL,,1.00000000,0.00000000,0.42857143,0.57142857,1.00000000,0.00000000,0.42857143,0.10714286,,True,,marnie_grimmsnarl,alakazam_psychic|cynthia_garchomp|rocket_mewtwo_spidops|kangaskhan_crustle,UNIQUE_TEAM_DAY_SHARE_WITHIN_MAJOR_MATCHUPS,ASSUMPTION_NOT_POINT_ESTIMATE
rocket_mewtwo_spidops,718fa61c99f47a29ac79edac7fe5da739a0d2a6d1ca556901fc9a3296b42b2e2,OBSERVED_ONLY_RENORMALIZED_LEGACY,,1.00000000,0.00000000,0.42857143,0.57142857,1.00000000,0.00000000,0.42857143,0.10714286,0.25000000,False,,marnie_grimmsnarl,alakazam_psychic|cynthia_garchomp|rocket_mewtwo_spidops|kangaskhan_crustle,UNIQUE_TEAM_DAY_SHARE_WITHIN_MAJOR_MATCHUPS,OBSERVED_CELLS_ONLY_RENORMALIZED_NOT_FULL_META_ESTIMATE
rocket_mewtwo_spidops,787c994064089e717d7e1abb51053b79a9d4c9e79b03bb6b7fb5834b58cc903f,UNOBSERVED_ONLY_AS_0,0.00000000,1.00000000,0.00000000,0.42857143,0.57142857,1.00000000,0.00000000,0.42857143,0.08571429,0.08571429,True,,marnie_grimmsnarl,alakazam_psychic|cynthia_garchomp|rocket_mewtwo_spidops|kangaskhan_crustle,UNIQUE_TEAM_DAY_SHARE_WITHIN_MAJOR_MATCHUPS,ASSUMPTION_NOT_POINT_ESTIMATE
rocket_mewtwo_spidops,787c994064089e717d7e1abb51053b79a9d4c9e79b03bb6b7fb5834b58cc903f,UNOBSERVED_ONLY_AS_0_25,0.25000000,1.00000000,0.00000000,0.42857143,0.57142857,1.00000000,0.00000000,0.42857143,0.08571429,0.22857143,True,,marnie_grimmsnarl,alakazam_psychic|cynthia_garchomp|rocket_mewtwo_spidops|kangaskhan_crustle,UNIQUE_TEAM_DAY_SHARE_WITHIN_MAJOR_MATCHUPS,ASSUMPTION_NOT_POINT_ESTIMATE
rocket_mewtwo_spidops,787c994064089e717d7e1abb51053b79a9d4c9e79b03bb6b7fb5834b58cc903f,UNOBSERVED_ONLY_AS_0_50,0.50000000,1.00000000,0.00000000,0.42857143,0.57142857,1.00000000,0.00000000,0.42857143,0.08571429,0.37142857,True,,marnie_grimmsnarl,alakazam_psychic|cynthia_garchomp|rocket_mewtwo_spidops|kangaskhan_crustle,UNIQUE_TEAM_DAY_SHARE_WITHIN_MAJOR_MATCHUPS,ASSUMPTION_NOT_POINT_ESTIMATE
rocket_mewtwo_spidops,787c994064089e717d7e1abb51053b79a9d4c9e79b03bb6b7fb5834b58cc903f,UNCERTAIN_AS_0,0.00000000,1.00000000,0.00000000,0.42857143,0.57142857,1.00000000,0.00000000,0.42857143,0.08571429,0.00000000,True,,marnie_grimmsnarl,alakazam_psychic|cynthia_garchomp|rocket_mewtwo_spidops|kangaskhan_crustle,UNIQUE_TEAM_DAY_SHARE_WITHIN_MAJOR_MATCHUPS,ASSUMPTION_NOT_POINT_ESTIMATE
rocket_mewtwo_spidops,787c994064089e717d7e1abb51053b79a9d4c9e79b03bb6b7fb5834b58cc903f,UNCERTAIN_AS_0_25,0.25000000,1.00000000,0.00000000,0.42857143,0.57142857,1.00000000,0.00000000,0.42857143,0.08571429,0.25000000,True,,marnie_grimmsnarl,alakazam_psychic|cynthia_garchomp|rocket_mewtwo_spidops|kangaskhan_crustle,UNIQUE_TEAM_DAY_SHARE_WITHIN_MAJOR_MATCHUPS,ASSUMPTION_NOT_POINT_ESTIMATE
rocket_mewtwo_spidops,787c994064089e717d7e1abb51053b79a9d4c9e79b03bb6b7fb5834b58cc903f,UNCERTAIN_AS_0_50,0.50000000,1.00000000,0.00000000,0.42857143,0.57142857,1.00000000,0.00000000,0.42857143,0.08571429,0.50000000,True,,marnie_grimmsnarl,alakazam_psychic|cynthia_garchomp|rocket_mewtwo_spidops|kangaskhan_crustle,UNIQUE_TEAM_DAY_SHARE_WITHIN_MAJOR_MATCHUPS,ASSUMPTION_NOT_POINT_ESTIMATE
rocket_mewtwo_spidops,787c994064089e717d7e1abb51053b79a9d4c9e79b03bb6b7fb5834b58cc903f,UNCERTAIN_AS_1,1.00000000,1.00000000,0.00000000,0.42857143,0.57142857,1.00000000,0.00000000,0.42857143,0.08571429,1.00000000,True,,marnie_grimmsnarl,alakazam_psychic|cynthia_garchomp|rocket_mewtwo_spidops|kangaskhan_crustle,UNIQUE_TEAM_DAY_SHARE_WITHIN_MAJOR_MATCHUPS,ASSUMPTION_NOT_POINT_ESTIMATE
rocket_mewtwo_spidops,787c994064089e717d7e1abb51053b79a9d4c9e79b03bb6b7fb5834b58cc903f,OBSERVED_WORST_FILL,,1.00000000,0.00000000,0.42857143,0.57142857,1.00000000,0.00000000,0.42857143,0.08571429,,True,,marnie_grimmsnarl,alakazam_psychic|cynthia_garchomp|rocket_mewtwo_spidops|kangaskhan_crustle,UNIQUE_TEAM_DAY_SHARE_WITHIN_MAJOR_MATCHUPS,ASSUMPTION_NOT_POINT_ESTIMATE
rocket_mewtwo_spidops,787c994064089e717d7e1abb51053b79a9d4c9e79b03bb6b7fb5834b58cc903f,OBSERVED_ONLY_RENORMALIZED_LEGACY,,1.00000000,0.00000000,0.42857143,0.57142857,1.00000000,0.00000000,0.42857143,0.08571429,0.20000000,False,,marnie_grimmsnarl,alakazam_psychic|cynthia_garchomp|rocket_mewtwo_spidops|kangaskhan_crustle,UNIQUE_TEAM_DAY_SHARE_WITHIN_MAJOR_MATCHUPS,OBSERVED_CELLS_ONLY_RENORMALIZED_NOT_FULL_META_ESTIMATE
