population,episode,seat,reward,filename,bytes,sha256,path
hero_new10,88842275,0,-1,episode_88842275_replay.json,4589097,0DE2B193437209A4A164A607BBD26D5AC80CBEBC876B11E4A8CBC47E5DD6F378,autonomous_gold_20260715\live\55083165\refresh_20260730_0625\episode_88842275_replay.json
hero_new10,88843696,0,1,episode_88843696_replay.json,2532517,95278F4652CE88313FBB3AAE50ACFA960E29DA6090E9F5FF68F83EF299E9B7BD,autonomous_gold_20260715\live\55083165\refresh_20260730_0625\episode_88843696_replay.json
hero_new10,88844385,0,-1,episode_88844385_replay.json,3396674,EA0C8864CCB67F783F235FC2CD6D786618E38D48CAAA4BB0F464EFBB3C5541CE,autonomous_gold_20260715\live\55083165\refresh_20260730_0625\episode_88844385_replay.json
hero_new10,88846066,0,1,episode_88846066_replay.json,3776171,62200E4D79333C3416315BB9CF7756E3528B61A4C9BC4D4EFCE5B77B141A4A76,autonomous_gold_20260715\live\55083165\refresh_20260730_0625\episode_88846066_replay.json
hero_new10,88851544,0,1,episode_88851544_replay.json,3883694,D9FB341DE2DC67D5D0FBC9B8E604C04DD8711B7AE09CAAB94C08055625B8486D,autonomous_gold_20260715\live\55083165\refresh_20260730_0625\episode_88851544_replay.json
hero_new10,88853935,0,-1,episode_88853935_replay.json,4521799,526CF23688F8FCA8B57C88A7E1CC6E6894C9F2269274799E5E05D4840A0C04D0,autonomous_gold_20260715\live\55083165\refresh_20260730_0625\episode_88853935_replay.json
hero_new10,88857786,0,-1,episode_88857786_replay.json,4465613,8D5902FAAA8E16984B86E9DB9CFD572F92CFC20233352A3D8A416EC8BA72FFB6,autonomous_gold_20260715\live\55083165\refresh_20260730_0625\episode_88857786_replay.json
hero_new10,88861441,1,-1,episode_88861441_replay.json,2985472,1398DA4C4F8362D4EAAF76BD56478223690943A5148C290D2CB8A27D6EAB3548,autonomous_gold_20260715\live\55083165\refresh_20260730_0625\episode_88861441_replay.json
hero_new10,88861800,0,-1,episode_88861800_replay.json,3334775,7CC3A3567B576C005336BB49DFDB23FA736A58E8CD65D986AB458ADF204D0F45,autonomous_gold_20260715\live\55083165\refresh_20260730_0625\episode_88861800_replay.json
hero_new10,88867768,0,1,episode_88867768_replay.json,630030,DCC3099F6CC2C567105174656A205E63398631F5F553FB97D28FD7D52E059521,autonomous_gold_20260715\live\55083165\refresh_20260730_0625\episode_88867768_replay.json
